Emp ID,Name Prefix,First Name,Middle Initial,Last Name,Gender
850297,Ms.,Shawna,W,Buck,F
304721,Mr.,Nathaniel,Z,Burke,M
412317,Drs.,Elisabeth,W,Foster,F
621375,Mrs.,Briana,C,Lancaster,F
787549,Hon.,Estella,L,Potter,F
520092,Mr.,Lamont,L,Woods,M
795934,Ms.,Melinda,L,Lopez,F
159108,Mrs.,Shanna,U,Silva,F
330816,Ms.,Jasmine,J,Freeman,F
532002,Ms.,Madge,V,Sargent,F
612850,Ms.,Bethany,Z,Cline,F
483751,Prof.,Reid,F,Randolph,M
252938,Hon.,Antoine,H,Wiley,M
966375,Dr.,Mathew,O,Hodge,M
707520,Mr.,Bernardo,L,Austin,M
673049,Dr.,Cole,E,Jensen,M
265124,Ms.,Tonia,J,Burns,F
300693,Mr.,Tod,N,Holcomb,M
369712,Mrs.,Yesenia,B,Guerrero,F
913253,Mr.,Carey,B,Ferrell,M
308617,Mrs.,Aileen,D,Blanchard,F
766783,Mrs.,Marta,N,Cervantes,F
959506,Mr.,Arthur,Q,Holloway,M
513011,Ms.,Tara,Y,Forbes,F
290808,Mr.,Josef,S,Griffin,M
253588,Ms.,Keri,J,Slater,F
865628,Mr.,Desmond,R,Wynn,M
583924,Mrs.,Adrienne,H,Puckett,F
932453,Mrs.,Beatriz,I,Knowles,F
432168,Hon.,Jermaine,S,Sykes,M
463784,Mr.,Scott,H,Best,M
721098,Ms.,Isabel,Q,Espinoza,F
392678,Mr.,Marcelino,Y,Kinney,M
880704,Dr.,Benjamin,X,Jennings,M
186102,Drs.,Marcia,N,Casey,F
350367,Mr.,Rudolph,P,Gordon,M
893976,Ms.,Beverly,I,Rosales,F
542826,Mr.,Marcus,D,Bolton,M
590579,Ms.,Priscilla,Z,Mays,F
297741,Ms.,Lynn,E,Pena,F
458320,Ms.,Tessa,D,Pace,F
297059,Mr.,Rufus,S,Guerra,M
874971,Mr.,Roman,R,Clark,M
136626,Ms.,Carmela,D,Jefferson,F
865495,Mr.,Thurman,J,Good,M
415161,Dr.,Lemuel,V,Guerrero,M
279563,Mr.,Clint,A,Bridges,M
201710,Ms.,Karyn,A,Christian,F
722543,Ms.,Lesa,E,Hughes,F
909337,Mr.,Rich,M,Bates,M
601071,Ms.,Liz,H,Frank,F
269523,Hon.,Kendra,X,Villarreal,F
310986,Drs.,Maryellen,R,Mcfadden,F
323914,Mr.,German,M,Carney,M
928739,Hon.,Micheal,A,Shannon,M
238992,Dr.,Carlo,X,Albert,M
434046,Mrs.,Bianca,I,Langley,F
971444,Mr.,Elias,X,Cabrera,M
602683,Ms.,Alberta,A,Chapman,F
145327,Mr.,Erin,M,Olsen,M
597202,Dr.,Frederic,E,Stephenson,M
168824,Mr.,Tanner,T,Caldwell,M
616665,Mr.,Clarence,I,Powers,M
396135,Prof.,German,I,Sheppard,M
966525,Mr.,Dion,U,Duffy,M
362287,Mr.,Cornelius,V,Townsend,M
798646,Ms.,Patsy,N,Koch,F
451972,Hon.,Waldo,I,Shields,M
993675,Hon.,Damien,Z,Rose,M
807964,Mr.,Curt,Y,Bridges,M
769123,Mr.,Brenton,N,Matthews,M
395792,Hon.,Miguel,W,Finley,M
929791,Ms.,Esperanza,E,Paul,F
141326,Hon.,Patricia,C,Briggs,F
232794,Dr.,Forrest,B,Noel,M
946835,Hon.,Marjorie,J,Wells,F
894936,Ms.,Vivian,T,Burnett,F
946630,Mr.,Duncan,L,Chen,M
381338,Ms.,Miriam,A,Barrett,F
141178,Mr.,Adam,X,Kirby,M
169763,Prof.,Benjamin,X,Macdonald,M
326358,Mr.,Neil,U,Murray,M
185077,Ms.,Nichole,S,Oneil,F
901185,Mr.,Jonathon,M,Pearson,M
264960,Dr.,Brent,J,Bryant,M
248449,Ms.,Carlene,E,Cain,F
906870,Mr.,Arnulfo,M,Pittman,M
160503,Mr.,Nickolas,Z,Williams,M
212917,Prof.,Raymundo,W,Kramer,M
337955,Mr.,Jeremiah,W,Dotson,M
171553,Mr.,Tanner,I,Matthews,M
433510,Mr.,Dorian,A,Foster,M
970502,Drs.,Nora,I,Hansen,F
668717,Hon.,Danial,F,Watts,M
479832,Dr.,Nelson,H,Mcintosh,M
273645,Dr.,Manuel,J,Fulton,M
266284,Hon.,Dominic,U,Henson,M
332802,Mr.,Lowell,M,Erickson,M
166615,Mrs.,Jayne,O,Coleman,F
953967,Mr.,Cornell,G,Daniel,M
114425,Mrs.,Doris,G,Glenn,F
676618,Drs.,Tabatha,C,Gonzales,F
581563,Prof.,Jerome,E,Foreman,M
925484,Mr.,Elton,L,Ferguson,M
328562,Mr.,Stacy,V,Jennings,M
759248,Dr.,Rory,V,Fowler,M
158543,Mr.,Greg,S,Kane,M
275491,Dr.,Julian,Y,Russo,M
257927,Ms.,Agnes,J,Herman,F
144114,Mrs.,Nancy,P,Gillespie,F
262843,Mr.,Tyrone,N,Soto,M
963676,Mr.,Bradley,L,Chan,M
745672,Dr.,Emile,A,Love,M
135089,Prof.,Zachary,G,Gregory,M
593953,Drs.,Tara,A,Gutierrez,F
169348,Mr.,Aubrey,T,Pugh,M
976096,Mr.,Carroll,E,Sweeney,M
790389,Ms.,Claudette,W,Solomon,F
143898,Mr.,Ricky,C,Bowers,M
749765,Mr.,Brian,S,Fitzpatrick,M
877422,Hon.,Nicholas,T,Branch,M
825343,Mrs.,Eileen,A,Hobbs,F
155570,Mr.,Colin,G,Wilson,M
587361,Hon.,Rosario,W,Trevino,F
191240,Mr.,Salvador,Q,Gutierrez,M
404070,Prof.,Aldo,J,Medina,M
192175,Dr.,Bret,J,Blevins,M
825853,Hon.,Dominic,H,Mosley,M
430843,Ms.,Karina,J,Owens,F
597805,Hon.,Marquis,R,Perkins,M
651120,Mr.,Damon,G,Solomon,M
995242,Mr.,Leonel,K,Atkins,M
839558,Mr.,Teddy,A,Merritt,M
398788,Ms.,Alexandria,Y,Long,F
166790,Ms.,Margaret,C,Reilly,F
581261,Dr.,Willis,L,Rose,M
793523,Prof.,Donovan,O,Bowman,M
178602,Mrs.,Kristina,Q,Mcgowan,F
346662,Mr.,Garth,I,Clarke,M
817037,Mr.,Martin,W,Buchanan,M
648913,Mr.,Irwin,D,Jenkins,M
924281,Mr.,Reynaldo,P,Sosa,M
951857,Drs.,Sherri,T,Snyder,F
474759,Mr.,Johnny,E,Dunlap,M
144715,Mr.,Earnest,X,Kirk,M
141086,Dr.,Bernardo,Q,Mcdowell,M
633255,Hon.,Yvette,U,Warner,F
768457,Mr.,Robby,U,Jordan,M
583282,Mrs.,Carolina,Y,Coleman,F
421955,Ms.,Sonia,X,Cook,F
556491,Prof.,Larry,C,Tran,M
701223,Ms.,Esmeralda,P,Grant,F
122005,Hon.,Candy,K,Singleton,F
461385,Mrs.,Emma,E,Obrien,F
249180,Dr.,Scot,M,Beach,M
634658,Mr.,Rolland,D,Mendoza,M
842752,Mrs.,Tommie,B,Sanchez,F
513773,Prof.,Jessie,N,Cortez,M
781472,Mr.,Isiah,T,Guthrie,M
747200,Mrs.,Janelle,Q,Gill,F
932425,Mr.,Christoper,Y,Haynes,M
962851,Ms.,Kathie,E,Kirby,F
168829,Ms.,Antonia,H,Kinney,F
603575,Ms.,Ophelia,V,Wagner,F
419075,Mrs.,Hallie,G,Cervantes,F
224473,Ms.,Adriana,R,Mcfarland,F
552582,Hon.,Jana,L,Weiss,F
724235,Mr.,Quentin,J,Benson,M
908007,Mrs.,Debra,S,Pena,F
871610,Mr.,Kenton,I,Moreno,M
491595,Prof.,Ian,O,Alvarado,M
821474,Mr.,Jasper,F,Lucas,M
206783,Hon.,Brock,X,Roberts,M
870463,Mr.,Salvador,S,Deleon,M
809491,Mr.,Terence,U,Giles,M
924427,Mr.,Dario,O,Townsend,M
505780,Drs.,Ester,Z,Houston,F
149904,Ms.,Leanne,R,Mcmahon,F
886315,Dr.,Valentin,S,Montoya,M
948512,Mr.,Jared,Q,Shepherd,M
780963,Mrs.,Jami,P,Cantrell,F
282037,Mr.,Bruno,M,Whitney,M
505758,Mr.,Garland,Q,Watkins,M
487100,Mr.,Augustus,E,Maldonado,M
974444,Prof.,Luther,F,Mcneil,M
829416,Mr.,Jimmy,C,Molina,M
146825,Hon.,Morton,Q,Franklin,M
603179,Mr.,Andrew,V,Price,M
175035,Ms.,Ava,L,Romero,F
358935,Ms.,Anastasia,Y,Bowen,F
608832,Mrs.,Sabrina,O,Fowler,F
509911,Ms.,Kirsten,Y,Lee,F
354363,Ms.,Tabatha,W,Arnold,F
344607,Mr.,Gregg,T,Mann,M
191963,Ms.,Deanne,H,Mccarty,F
695631,Mrs.,Juanita,O,Zimmerman,F
547420,Mr.,Doug,V,Small,M
403674,Dr.,Billy,R,Mcdowell,M
988937,Dr.,Boyd,L,Valencia,M
937737,Mr.,Roberto,T,Caldwell,M
144235,Mr.,Kris,U,Conner,M
866051,Ms.,Leann,R,Ortiz,F
287787,Mr.,Joaquin,B,Bentley,M
316579,Mrs.,Leanne,Z,Potter,F
625981,Mr.,Jay,R,Sanders,M
232661,Ms.,Luz,G,Brown,F
863522,Mr.,Dudley,W,Preston,M
118236,Mr.,Monroe,D,Beach,M
412201,Ms.,Dina,Q,Jones,F
855988,Hon.,Christian,G,Morrison,M
158689,Ms.,Lucile,L,Fleming,F
737292,Mr.,Luciano,H,Ray,M
596917,Mr.,Ahmad,B,Poole,M
620634,Ms.,Janna,Y,Hopkins,F
130591,Prof.,Kendrick,V,Miles,M
579618,Hon.,Demetrius,Z,Ruiz,M
240295,Mr.,Ken,P,Winters,M
846100,Mr.,Earl,O,Gilbert,M
431841,Ms.,Taylor,K,Barlow,F
520702,Ms.,Clarissa,Z,Lawson,F
771425,Mr.,Lewis,T,Fuller,M
189557,Mrs.,Claudine,Y,Black,F
702034,Mrs.,Mitzi,Y,Lynch,F
586207,Dr.,Michel,T,Finch,M
835545,Ms.,Janie,P,Velasquez,F
326407,Mrs.,Sophie,F,Bass,F
414967,Mrs.,Bette,Y,Kane,F
410300,Mrs.,Dena,Q,Blake,F
252371,Mr.,Dante,Q,Farmer,M
297502,Ms.,Angelina,D,Lynn,F
725857,Ms.,Shannon,D,Snow,F
805103,Mr.,Ron,C,Glenn,M
641096,Mrs.,Kerry,C,Pitts,F
856369,Mr.,Dominick,M,Robbins,M
318571,Prof.,Emory,N,Spence,M
219020,Drs.,Lana,G,Spence,F
934285,Mr.,Jeremy,G,English,M
149763,Dr.,Dudley,N,Melton,M
363951,Drs.,Frances,D,Stafford,F
306185,Mr.,Percy,N,Hunt,M
225090,Mr.,Alfredo,H,Vasquez,M
287114,Ms.,Joanna,A,Perkins,F
811489,Hon.,Susanna,R,Huff,F
162573,Hon.,Ola,T,Thompson,F
836699,Mrs.,Louella,F,Wolfe,F
798859,Drs.,Deirdre,N,Travis,F
458765,Ms.,Kristina,W,Ware,F
562109,Mr.,Stacy,O,Dixon,M
947334,Mr.,Frankie,Y,Clark,M
316995,Mrs.,Pauline,J,Gilbert,F
798671,Mr.,Adolph,L,Skinner,M
415004,Ms.,Rosa,P,Camacho,F
770810,Mr.,Craig,W,Marquez,M
255640,Mr.,Stanley,T,Lowe,M
311079,Dr.,Morgan,C,Farrell,M
559421,Ms.,Reba,O,Potts,F
959306,Ms.,Shana,O,Gould,F
713805,Mr.,Adam,I,Bartlett,M
532285,Ms.,Leann,W,Melendez,F
664249,Mr.,Floyd,B,Mills,M
339483,Mr.,Scott,Q,Carrillo,M
155956,Mr.,Sterling,K,Hooper,M
791119,Mr.,Damon,T,Hunt,M
798553,Prof.,Mauricio,A,Potts,M
981925,Ms.,Ebony,B,Eaton,F
648118,Drs.,Bobbie,M,Joyner,F
278391,Ms.,Jami,N,Velasquez,F
556573,Ms.,Aisha,Z,Gentry,F
159472,Hon.,Moses,P,Reid,M
871770,Ms.,Monique,S,Deleon,F
338556,Mr.,Domingo,S,Gibbs,M
182719,Ms.,Tammy,D,Vincent,F
305556,Mr.,Federico,J,Wilson,M
915507,Mr.,Kory,X,Roth,M
761381,Ms.,Nichole,Z,Lloyd,F
141022,Mr.,Rodger,D,Chavez,M
528086,Mr.,Bruce,Z,Carney,M
177821,Mr.,Derick,N,Ferrell,M
740281,Ms.,Lorna,W,Henson,F
906797,Mr.,Rico,K,Mayo,M
790008,Ms.,Luann,R,Crane,F
825433,Mrs.,Tara,H,Goodwin,F
941759,Prof.,Shaun,J,Evans,M
313864,Mrs.,Debbie,S,Velez,F
978745,Mrs.,May,R,Hodge,F
807182,Mrs.,Adeline,R,Evans,F
463743,Mr.,Guy,C,Gilbert,M
901775,Ms.,Opal,X,Hansen,F
197867,Mrs.,Robbie,C,Oconnor,F
423470,Mrs.,Ella,W,Craft,F
238361,Prof.,Derrick,T,Vaughn,M
596366,Mrs.,Maura,W,Cherry,F
725424,Dr.,Roderick,R,Vinson,M
229037,Ms.,Gwen,T,Gilliam,F
434723,Mrs.,Melanie,L,Zimmerman,F
501422,Mr.,Micah,Y,Merritt,M
638943,Mr.,Buford,D,Hobbs,M
935745,Mr.,Kyle,N,Farmer,M
750581,Ms.,Jocelyn,U,Rojas,F
468128,Mr.,Larry,G,Gray,M
884877,Mr.,Wilbur,P,Bates,M
870904,Ms.,Maxine,F,Moran,F
926224,Ms.,Kathleen,T,Middleton,F
220061,Prof.,Norbert,P,Joyner,M
125823,Mr.,Chadwick,G,Walton,M
768943,Mrs.,Connie,O,Shaffer,F
591698,Ms.,Bobbie,C,Singleton,F
700418,Drs.,Lesley,K,Rollins,F
476635,Ms.,Victoria,H,Howe,F
785299,Mr.,Marc,F,Nixon,M
225139,Prof.,Elias,A,Pena,M
308125,Mrs.,Flossie,C,Mcpherson,F
129426,Drs.,Lana,E,Hayes,F
399192,Mr.,Nick,C,Wilcox,M
555551,Ms.,Nona,W,Buck,F
245059,Mr.,Abdul,K,Barnett,M
423008,Drs.,Inez,C,Kane,F
316407,Drs.,Raquel,A,Bray,F
410027,Mr.,Sean,F,Noble,M
307715,Dr.,Fred,I,Woodward,M
690117,Mr.,Sylvester,Q,Salas,M
149844,Mrs.,Berta,P,Irwin,F
116530,Drs.,Noelle,G,Paul,F
234429,Ms.,Chrystal,D,Swanson,F
437970,Hon.,Reggie,R,Nolan,M
766745,Hon.,Joanne,K,Melton,F
684446,Mr.,Bryon,J,Gardner,M
385932,Ms.,Noreen,M,Vincent,F
862150,Hon.,Mathew,S,Duran,M
635915,Ms.,Herminia,I,Morin,F
540696,Dr.,Luke,Y,Craft,M
870351,Mr.,Ronny,C,Long,M
360498,Ms.,Jeannine,E,Vaughn,F
397164,Mrs.,Silvia,F,Huff,F
488068,Mrs.,Margo,K,Hoffman,F
890432,Mrs.,Kimberly,K,Summers,F
935890,Hon.,Jodie,I,Mckinney,F
541867,Ms.,Lorrie,V,Leblanc,F
885774,Dr.,Miles,Q,Giles,M
979649,Mr.,Jamar,Q,Castaneda,M
599012,Mrs.,Amber,Z,Warner,F
204626,Prof.,Sterling,X,Patel,M
830006,Ms.,Enid,M,Pearson,F
127205,Mrs.,Annmarie,C,Frye,F
215589,Ms.,Molly,X,Roach,F
621606,Mr.,Rogelio,P,Poole,M
223379,Dr.,Mathew,P,Duke,M
236366,Mr.,Lewis,Q,Ayala,M
798043,Ms.,Claudette,B,Walter,F
811092,Ms.,Tracie,B,Delaney,F
288820,Mr.,Eric,N,Mccullough,M
138351,Mr.,Nestor,J,Carney,M
130501,Drs.,Mitzi,P,Mueller,F
587373,Drs.,Lillian,J,Atkinson,F
750124,Mr.,Barry,A,Garner,M
495105,Mrs.,Coleen,V,Morris,F
282678,Hon.,Marci,O,Alvarado,F
241302,Mr.,Monty,R,Lancaster,M
790290,Mr.,Norris,R,Adams,M
924304,Mrs.,Elvira,D,Byrd,F
234880,Mr.,Keven,E,Logan,M
443072,Mr.,Rosendo,R,Rasmussen,M
232070,Mrs.,Carly,R,Leach,F
902132,Mrs.,Colleen,N,Bray,F
280781,Mrs.,Ollie,G,William,F
589440,Prof.,Hilario,B,Vang,M
940754,Ms.,Nadine,X,Blanchard,F
888277,Prof.,Wm,C,Carroll,M
430202,Ms.,Minnie,B,Mckee,F
928723,Mrs.,Angela,M,Compton,F
449164,Drs.,Lillian,H,Gill,F
117603,Mr.,Bob,W,Weiss,M
811884,Mr.,Edwin,A,Perez,M
463579,Mr.,Bernardo,W,Langley,M
915993,Prof.,William,K,Morrison,M
836259,Dr.,Vance,A,Osborne,M
520719,Prof.,Edmund,E,Salas,M
409341,Mrs.,Imogene,O,Sanders,F
528576,Mr.,Darin,F,Callahan,M
315565,Mrs.,Loretta,M,Sawyer,F
242740,Ms.,Olive,L,Livingston,F
763459,Mr.,Gino,A,Mcconnell,M
239010,Mr.,Fred,E,Hayes,M
865905,Mr.,Nelson,O,Wilkins,M
657908,Mrs.,Joyce,K,Hooper,F
652723,Mrs.,Juliana,W,Rowland,F
944699,Mr.,Norris,S,Mack,M
517283,Prof.,Tom,B,Frye,M
176214,Mrs.,Josephine,G,Pitts,F
680485,Mr.,Les,W,Brady,M
891142,Hon.,Jaime,M,Avery,M
810984,Mrs.,Marissa,L,Caldwell,F
896022,Mr.,Lavern,X,Gardner,M
162773,Drs.,Evangeline,K,Mejia,F
408036,Ms.,Brandy,O,Carr,F
591248,Mrs.,Molly,O,Manning,F
562393,Mr.,Gale,R,Perez,M
808843,Mr.,Merlin,Z,Yates,M
645393,Prof.,Nelson,H,Mooney,M
685818,Mr.,Jackson,E,Bass,M
747647,Ms.,Trisha,U,Mueller,F
846178,Ms.,Lilia,I,Collins,F
754091,Mrs.,Kimberly,R,Cantu,F
808727,Prof.,Luciano,B,Jordan,M
143029,Mr.,Danny,H,Robbins,M
923271,Mr.,Wilfredo,J,Richards,M
621988,Ms.,Callie,Y,Snider,F
240842,Mrs.,Rachelle,J,Reed,F
517038,Ms.,Bobbi,M,Olson,F
456842,Mrs.,Kris,S,Richards,F
276700,Drs.,Marissa,J,Meyer,F
510431,Mr.,Jamar,Z,Reese,M
451543,Ms.,Nelda,E,Webster,F
423508,Ms.,Carolina,F,Bruce,F
399486,Ms.,Terri,K,Phelps,F
295933,Mr.,Nestor,L,Rosales,M
855670,Drs.,Adrian,L,Robles,F
151449,Hon.,Kyle,Y,Rios,M
394700,Mr.,Domingo,Y,Wilkinson,M
328740,Mr.,Leonardo,T,Bird,M
924134,Dr.,Hubert,P,Zimmerman,M
556518,Mr.,Kory,G,Frank,M
237003,Ms.,Tami,Z,Hayes,F
518193,Drs.,Amanda,Y,Carr,F
540019,Mr.,Stephen,J,Bauer,M
489463,Mr.,Johnie,G,Carney,M
763039,Ms.,Rebekah,J,Hull,F
854365,Ms.,Kelly,G,Spence,F
233110,Hon.,Tracie,K,Estes,F
416483,Mr.,Bennett,H,Le,M
629763,Hon.,Vernon,V,Bass,M
755278,Mr.,Theron,E,Sweet,M
471560,Mr.,Ernie,Y,Holden,M
988676,Mr.,Shawn,C,Rasmussen,M
606109,Mr.,Enrique,M,Adams,M
414129,Mr.,Ernie,H,Aguilar,M
286890,Mrs.,Carolyn,S,Donaldson,F
944811,Mrs.,Margie,S,Deleon,F
975770,Mr.,Keven,F,Collins,M
590955,Mr.,Bruce,Q,Colon,M
565658,Mrs.,Kristen,F,Lott,F
569664,Mr.,Howard,X,Dodson,M
939970,Mr.,Merle,R,Britt,M
848744,Dr.,Hector,D,Bradley,M
452230,Mr.,Darnell,D,Spencer,M
930129,Ms.,Janelle,Z,William,F
909139,Ms.,Eula,H,Atkinson,F
678436,Hon.,Theresa,M,Bender,F
196011,Ms.,Kimberley,C,Jacobson,F
666886,Mrs.,Angelita,J,Reyes,F
572348,Ms.,Selma,L,Floyd,F
846144,Mrs.,Edna,B,Paul,F
665326,Dr.,Dewayne,N,Sheppard,M
119399,Prof.,Gale,C,Rodriquez,M
744539,Mrs.,Cora,J,Blackburn,F
518154,Drs.,Annmarie,D,Roth,F
416872,Mr.,Owen,Y,Lopez,M
339806,Ms.,Chrystal,Z,Pittman,F
991522,Hon.,Thurman,R,Daniel,M
830373,Mr.,Darnell,Q,Hoffman,M
987377,Hon.,Raymundo,J,Sims,M
551251,Mr.,Frederick,H,Graham,M
143864,Ms.,Natalie,P,Marshall,F
679990,Mr.,Thad,R,Franklin,M
851939,Drs.,Belinda,Y,Trujillo,F
272885,Ms.,Rosanna,P,Chase,F
588553,Ms.,Wilda,I,Rios,F
739367,Drs.,Alyssa,P,Marquez,F
271247,Mrs.,Liz,E,Barry,F
778200,Mr.,Mariano,D,Lloyd,M
338449,Prof.,Forest,L,Moss,M
581042,Mr.,Gino,K,Sullivan,M
138800,Prof.,Jarred,T,Bernard,M
553362,Mr.,Preston,X,Floyd,M
435055,Mr.,Clinton,W,Farley,M
469392,Mrs.,Dana,A,Hill,F
161467,Mr.,Odell,G,Bryan,M
755543,Drs.,Tameka,N,Atkinson,F
129077,Mr.,Dominique,Z,Moreno,M
707856,Mr.,Abraham,H,Mayo,M
817818,Mr.,Augustus,V,Hines,M
226811,Hon.,Rene,X,Burks,M
283199,Mr.,Christian,V,Acevedo,M
319493,Mr.,Major,X,Lucas,M
205347,Ms.,Frieda,Z,Hebert,F
508019,Ms.,Rachael,S,Newman,F
774862,Ms.,Bernadine,S,Joseph,F
394200,Mrs.,Deanna,P,Mccoy,F
887692,Mr.,Joseph,B,Tucker,M
408248,Hon.,Antwan,L,Richardson,M
787931,Hon.,Harrison,D,Ortega,M
547050,Mr.,Dylan,T,Cantu,M
964084,Mr.,Winston,J,Hewitt,M
574256,Mrs.,Serena,F,Marshall,F
215473,Ms.,Maryann,V,Vance,F
932175,Ms.,Roxie,E,Mckay,F
472119,Dr.,Sonny,F,Morin,M
282137,Mr.,Eduardo,Q,Burnett,M
395867,Mrs.,Marietta,X,Watson,F
923329,Ms.,Nettie,A,Preston,F
901654,Mr.,Sandy,P,Gillespie,M
673438,Dr.,Christopher,Z,Peters,M
626693,Ms.,Felicia,S,Gilmore,F
683325,Dr.,Tyler,E,Mercado,M
486465,Ms.,Arline,N,Campbell,F
213493,Mrs.,Margo,N,Daniels,F
234177,Dr.,Kareem,O,Jimenez,M
289041,Mrs.,Nanette,P,Lee,F
384810,Drs.,Myra,L,Franco,F
149750,Mr.,Luther,D,Harrell,M
864858,Mr.,Ramon,S,Campbell,M
856418,Mrs.,Sallie,J,Huffman,F
415537,Hon.,Shirley,Z,Herrera,F
414557,Dr.,Corey,J,Harrell,M
999475,Ms.,Carrie,T,Keller,F
554345,Ms.,Ofelia,J,Rivers,F
349751,Mr.,Shelton,V,Harrison,M
194598,Ms.,Carlene,I,Bernard,F
466860,Ms.,Earline,G,Cherry,F
618554,Mrs.,Kitty,U,Mathis,F
535812,Mrs.,Lavonne,B,Carney,F
500345,Mrs.,Reyna,J,Marks,F
735598,Hon.,Preston,M,Perez,M
921061,Mr.,Isaac,P,Cochran,M
968785,Mr.,Noe,K,Clay,M
735499,Ms.,Callie,J,Cohen,F
983480,Mr.,Elliott,P,Marks,M
206279,Ms.,Georgina,F,Lamb,F
582100,Mr.,Frances,D,May,M
821988,Mr.,Marc,Y,Hurley,M
611384,Mr.,Nathaniel,V,Bates,M
993792,Mr.,Colby,O,Holder,M
316999,Mrs.,Dee,W,Love,F
880526,Hon.,Willie,M,Gibson,M
201612,Drs.,Alison,G,Walsh,F
481137,Ms.,Gena,L,Holman,F
191985,Ms.,Tammy,X,Casey,F
244500,Ms.,Shirley,L,Waller,F
920668,Mrs.,Joanna,L,Poole,F
335470,Mrs.,Amber,Z,Mendoza,F
150036,Mrs.,Lourdes,O,Hull,F
251640,Mrs.,Kim,D,England,F
588702,Ms.,Haley,O,Maddox,F
707453,Mr.,Rory,F,Atkins,M
239168,Drs.,Kathrine,Z,Whitaker,F
146790,Hon.,Lou,M,Buckner,F
637843,Ms.,Karla,W,Barrera,F
689587,Ms.,Ava,M,Kane,F
126316,Mrs.,Roseann,A,Riley,F
318026,Ms.,Elizabeth,H,Fernandez,F
848311,Mrs.,Flora,B,Decker,F
774548,Ms.,Shannon,I,Parker,F
611233,Ms.,James,K,Cain,F
421652,Mr.,Craig,N,Roberts,M
528969,Hon.,Celina,H,Huffman,F
202408,Ms.,Jimmie,F,Burnett,F
918148,Mrs.,Faye,J,Barrett,F
396091,Ms.,Gena,A,Bradley,F
808996,Mr.,Deandre,C,Good,M
752301,Mr.,Garland,H,Ayers,M
654102,Mr.,Jerrod,C,Bell,M
809104,Mr.,Alexis,I,Holland,M
929548,Mrs.,Deidre,V,Barrett,F
978535,Mr.,Fred,G,Hoffman,M
211729,Mrs.,Effie,X,Santana,F
760573,Hon.,Juliette,Y,Mosley,F
979873,Ms.,Susan,E,Schwartz,F
446702,Mr.,Richie,V,Downs,M
505362,Mr.,Winston,I,Griffin,M
451940,Mr.,Sammy,N,Mills,M
411196,Ms.,Gracie,C,Mosley,F
636457,Mr.,Manuel,D,Bentley,M
262702,Mr.,Roberto,O,Hogan,M
422323,Mrs.,Wilma,U,Gray,F
328389,Mr.,Roderick,T,Perry,M
733184,Hon.,Mayra,L,Bowen,F
649821,Mr.,Andres,G,Alexander,M
117956,Mr.,Quentin,B,Carney,M
670526,Mrs.,Adrian,W,Dunlap,F
752997,Hon.,Lelia,H,Sawyer,F
340599,Mr.,Tad,K,Patrick,M
239415,Mrs.,Pansy,V,Macdonald,F
280326,Mr.,Agustin,J,Gentry,M
445516,Mr.,Riley,R,Conley,M
586177,Mr.,Bernard,N,Leach,M
866614,Hon.,Lonnie,S,Gonzales,M
751376,Mr.,Courtney,G,Barnes,M
196645,Mrs.,Eliza,R,Odonnell,F
728839,Mr.,Jody,D,Mejia,M
694921,Ms.,Pam,L,Stuart,F
719798,Mr.,Trevor,M,Romero,M
375797,Ms.,Tamara,Z,Perez,F
160350,Ms.,Bonita,N,Dixon,F
937931,Mr.,Raphael,O,Durham,M
155916,Mrs.,Rosanne,M,Mendoza,F
905335,Ms.,Ola,E,Hays,F
502509,Ms.,Genevieve,P,Finley,F
563580,Mr.,Lamont,Q,Albert,M
433698,Ms.,Margie,R,Vincent,F
163351,Mr.,Terrell,V,Sears,M
898816,Ms.,Edna,E,Riddle,F
641368,Mr.,Lindsey,O,Griffin,M
177982,Ms.,Lorrie,G,Sears,F
330889,Prof.,Denver,C,Mays,M
639474,Ms.,Daisy,I,Giles,F
911800,Ms.,Esperanza,I,Wade,F
222807,Drs.,Janice,J,Berg,F
516945,Mrs.,Helene,M,Gallegos,F
230829,Hon.,Rosario,F,Tyson,F
133610,Hon.,Teresa,X,Bowen,F
791967,Mrs.,Janna,J,Joseph,F
772354,Ms.,Erika,U,Myers,F
909265,Mr.,Mohamed,X,Fitzgerald,M
208763,Hon.,Mohammad,F,Downs,M
679572,Mr.,Felipe,I,Vance,M
992569,Dr.,Rusty,K,Moran,M
821754,Mrs.,Kirsten,T,Wolf,F
751897,Mrs.,Mercedes,T,Glass,F
208375,Ms.,Kenya,A,Merrill,F
931551,Mr.,Laurence,Y,Camacho,M
317525,Ms.,Shirley,Q,Potter,F
993099,Mr.,Ricky,Z,Snider,M
854776,Hon.,Jerry,X,Jacobs,F
437878,Ms.,Melva,U,Payne,F
350842,Mr.,Josef,V,Lamb,M
125134,Mrs.,Ellen,L,Bird,F
651597,Ms.,Lydia,M,Lindsey,F
801970,Ms.,Becky,H,Bolton,F
217117,Drs.,Edna,X,Petersen,F
539548,Hon.,Yong,V,Poole,M
479754,Drs.,Shannon,V,Singleton,F
992197,Mr.,Benny,Y,Smith,M
844571,Hon.,Rhea,X,Faulkner,F
618339,Mr.,Tracy,G,Sparks,M
804360,Mr.,Wilburn,O,Atkins,M
335435,Mr.,Frank,Y,Larson,M
308129,Mr.,Barton,U,Mullen,M
192292,Dr.,Max,D,Barrera,M
410844,Mr.,Eliseo,Q,Wilkerson,M
530958,Mrs.,Lynne,Y,Vinson,F
232194,Ms.,Maude,F,Jackson,F
888196,Mrs.,Kathryn,U,Sargent,F
696612,Hon.,Dan,A,William,M
775434,Ms.,Tanisha,A,Lester,F
860093,Mrs.,Kitty,L,Clay,F
476072,Hon.,Kent,U,Jackson,M
407160,Ms.,Ashlee,A,Gardner,F
221262,Hon.,Felecia,B,Sparks,F
790187,Mr.,Horace,N,Rasmussen,M
771945,Mr.,Rickie,J,Gilmore,M
372188,Ms.,Maria,F,Chavez,F
657125,Mrs.,Michael,C,West,F
489761,Ms.,Paula,T,Pacheco,F
651738,Mr.,Rick,V,Sawyer,M
463929,Mr.,Ramiro,N,Rojas,M
521878,Dr.,Benny,G,Stephenson,M
697802,Ms.,Beryl,K,Nelson,F
842936,Ms.,Bernice,T,Conrad,F
333260,Mr.,Bud,M,Knowles,M
696218,Mrs.,Anita,Q,Pratt,F
161109,Hon.,Kareem,R,Fuentes,M
938475,Mr.,Curtis,V,Hoover,M
368041,Ms.,Tamika,W,Rosa,F
738794,Mr.,Carmelo,S,Scott,M
703738,Drs.,Rebecca,W,Moon,F
188409,Ms.,Pearlie,M,Bryant,F
206997,Mr.,Donovan,P,Russo,M
677871,Mr.,Robt,R,Ramsey,M
963113,Mrs.,Lacy,V,Rowe,F
291577,Mrs.,Rosemary,K,Vaughn,F
142501,Dr.,Lon,R,Martin,M
358556,Ms.,Grace,H,Dejesus,F
126137,Dr.,Felix,S,Haynes,M
409492,Drs.,Beatriz,L,Pugh,F
967793,Ms.,Louisa,N,Wallace,F
790017,Prof.,Aubrey,A,Myers,M
998638,Ms.,Reyna,Y,Mccoy,F
402452,Dr.,Rusty,U,Fletcher,M
490868,Prof.,Houston,R,Morris,M
381597,Hon.,Edwardo,C,Stone,M
852587,Prof.,Clifton,H,Langley,M
732315,Drs.,Amparo,I,Campos,F
937260,Mrs.,Martha,O,Schmidt,F
290034,Mrs.,Charmaine,D,Hawkins,F
273325,Ms.,Jayne,L,Thomas,F
809726,Dr.,Bryce,I,Cox,M
575035,Mrs.,Beatrice,M,Lawson,F
211129,Mr.,Alphonse,X,Torres,M
673451,Drs.,Rae,R,Peck,F
230226,Ms.,Dona,F,Maxwell,F
673126,Dr.,David,D,Meyer,M
615857,Drs.,Clara,H,Harrington,F
251151,Dr.,Harlan,V,Vaughan,M
232585,Ms.,Wanda,X,Lester,F
237448,Drs.,Keri,Y,Buchanan,F
764254,Mr.,Wilfred,R,Charles,M
837427,Mr.,Lynn,M,Howe,M
934912,Hon.,Faye,Y,Mercer,F
747004,Mr.,Bennie,D,Melendez,M
497086,Mr.,Scotty,H,Ellis,M
743314,Mr.,Grady,J,Herman,M
570767,Mrs.,Eula,L,Aguirre,F
445556,Ms.,Nita,Q,Adams,F
471961,Dr.,Zachery,D,Harvey,M
273769,Dr.,Scot,C,Faulkner,M
280832,Mrs.,Mia,S,Joseph,F
411066,Mr.,Hung,M,Herman,M
843879,Ms.,Genevieve,V,Bradshaw,F
352677,Mr.,Alec,G,Brown,M
237902,Mr.,Pasquale,N,Knight,M
180696,Mrs.,Sheri,L,Whitley,F
168016,Prof.,Mauro,D,Marshall,M
481176,Ms.,Cristina,K,Grimes,F
438561,Mr.,Raul,M,Frost,M
709146,Hon.,Amparo,R,Dixon,F
746945,Mr.,Efrain,D,Carney,M
473773,Mr.,Stacey,O,Workman,M
828174,Dr.,Leon,T,Mcgowan,M
438094,Mrs.,Vonda,Z,Johns,F
866744,Dr.,Jorge,H,Wright,M
638900,Drs.,Brandy,B,Bean,F
759226,Ms.,Lakeisha,S,Bowman,F
476750,Drs.,Ernestine,C,Lambert,F
588664,Mr.,Julius,H,Gardner,M
403910,Ms.,Naomi,I,Jacobs,F
449655,Mr.,Sydney,I,Frederick,M
226863,Mr.,Clifton,E,Tyson,M
651910,Mrs.,Consuelo,J,Hamilton,F
717861,Mr.,Aldo,E,Jarvis,M
885624,Mrs.,Deidre,M,Anthony,F
341048,Ms.,Maura,T,Delaney,F
709748,Hon.,Claudine,X,Landry,F
454287,Drs.,Silvia,H,Ortega,F
390973,Ms.,Gilda,N,Dillon,F
570009,Drs.,Mai,R,Jennings,F
454506,Drs.,Cecilia,Y,Dawson,F
147313,Mr.,Wilburn,U,Rowe,M
307771,Mr.,Delbert,I,Cooley,M
498653,Dr.,Vincent,P,Case,M
964798,Prof.,Orlando,M,Wilkerson,M
616656,Mr.,Isiah,I,Hubbard,M
232425,Mrs.,Jeanine,G,Ratliff,F
504422,Prof.,Damien,L,Middleton,M
941632,Mrs.,Fern,Q,Burris,F
925954,Mrs.,Katy,G,Glass,F
585128,Ms.,Nikki,P,Bean,F
271180,Mr.,Norris,F,Alvarez,M
277858,Mr.,Reinaldo,C,Eaton,M
118882,Mr.,Eddie,A,Irwin,M
957082,Ms.,Denise,J,Swanson,F
191995,Mrs.,Sasha,D,Beard,F
294276,Mr.,Josh,X,Tucker,M
955260,Mr.,Rodger,X,Roach,M
457714,Mr.,Miles,Y,Mcdaniel,M
327467,Mrs.,Erin,A,French,F
642418,Hon.,Rosalind,P,Booth,F
536053,Mr.,Lenard,Z,Conner,M
950796,Hon.,Wilson,K,Mcmillan,M
475176,Mr.,Harley,T,Murphy,M
873985,Ms.,Carrie,I,Ramsey,F
706151,Dr.,Esteban,I,Finch,M
734991,Mr.,Merle,V,Martin,M
461350,Ms.,Joanna,C,Rodriquez,F
454745,Prof.,Cyrus,M,Gardner,M
901588,Mrs.,Mariana,N,Mcneil,F
891083,Dr.,Fletcher,Z,Hardin,M
654747,Prof.,Edwin,Z,Brock,M
778415,Ms.,Noreen,G,Bray,F
996768,Mr.,Ollie,E,Woods,M
295864,Mr.,Cleveland,C,Kirkland,M
924999,Mr.,Arron,N,Olsen,M
291663,Mr.,Elijah,A,Garrison,M
818352,Ms.,Allie,B,Landry,F
636018,Mrs.,Janie,F,Cooke,F
712045,Hon.,Shelia,V,Conrad,F
507999,Ms.,Aida,E,Banks,F
770255,Hon.,Lora,I,Wheeler,F
977573,Mr.,Fritz,K,Gross,M
206695,Mrs.,Natalie,V,Ellison,F
688327,Mr.,Eliseo,A,Berry,M
903098,Prof.,Philip,T,Mcbride,M
557561,Mrs.,Kay,L,Travis,F
864516,Ms.,Liliana,C,Donovan,F
743727,Ms.,Elise,I,Kidd,F
205865,Ms.,Tabitha,Q,Baird,F
909024,Hon.,Barney,S,Guerrero,M
808609,Mrs.,Myrtle,O,Riggs,F
804895,Hon.,Frederick,I,Mckay,M
564246,Ms.,Debora,T,Hinton,F
208230,Mr.,Merlin,K,Meyers,M
232387,Drs.,Celia,U,Huffman,F
124923,Ms.,Tina,C,Cabrera,F
274518,Ms.,Kelsey,J,Brown,F
288568,Mr.,Danny,U,Shaw,M
802355,Mrs.,Dena,X,Gomez,F
648744,Dr.,Edmund,B,Blankenship,M
224106,Dr.,Hershel,Y,Cain,M
543320,Mrs.,Lawanda,A,Whitehead,F
838662,Ms.,Sophia,R,Gregory,F
138130,Ms.,Lauren,Q,Mcgee,F
516579,Mr.,Guy,Q,Rutledge,M
939556,Mr.,Kurt,V,Oconnor,M
495659,Mrs.,Mallory,W,Pearson,F
630030,Ms.,Louisa,K,Nelson,F
874431,Mr.,Diego,J,Huffman,M
809793,Ms.,Louisa,U,Ellison,F
942454,Hon.,Josue,V,Cross,M
228229,Mrs.,Ines,H,Dominguez,F
375190,Mr.,Lance,Y,Garza,M
532560,Ms.,Belinda,S,Pace,F
210135,Ms.,Gracie,E,Herring,F
228355,Dr.,Benito,A,Knapp,M
965308,Mrs.,Lucinda,Q,Mcgowan,F
768500,Ms.,Jami,G,Golden,F
816768,Dr.,David,B,Gutierrez,M
909541,Mr.,Clement,B,Myers,M
529604,Mr.,Shane,S,Porter,M
140932,Mr.,Clint,U,Gross,M
725731,Mrs.,Ofelia,K,Pickett,F
214985,Mrs.,Karina,L,Green,F
405156,Mr.,Sam,O,Burris,M
249736,Hon.,Lina,P,Shannon,F
526273,Mr.,Myles,M,Coleman,M
654723,Mr.,Clay,E,Freeman,M
672964,Mrs.,Catalina,S,Guthrie,F
240799,Ms.,Nannie,E,Moon,F
169618,Dr.,Donovan,T,Serrano,M
430633,Drs.,Sondra,R,Reyes,F
116286,Hon.,Terrance,N,Duke,M
486573,Mrs.,Colleen,Z,Rodriguez,F
371751,Prof.,Thad,X,Luna,M
783654,Mr.,Terence,P,Clay,M
845635,Ms.,Bettie,Q,Holman,F
266624,Mr.,Boyd,G,Greer,M
682855,Mr.,Corey,J,Edwards,M
229899,Hon.,Violet,T,Lindsay,F
701561,Mrs.,Camille,D,Mullins,F
114862,Mrs.,Nicole,F,Rodriquez,F
445650,Mr.,Joan,N,Bauer,M
574544,Mr.,Kennith,L,Marquez,M
990758,Ms.,Mae,P,Hurst,F
833424,Dr.,Denver,I,Mann,M
864834,Mr.,Milford,Y,Dickerson,M
703495,Ms.,Marva,B,Phelps,F
222179,Mrs.,Betsy,P,Dillon,F
951011,Ms.,Celeste,D,Ramirez,F
187639,Mrs.,Tonya,D,Burke,F
375051,Ms.,Deana,P,Spencer,F
509810,Ms.,Susanne,M,Joseph,F
625661,Mr.,Cole,A,Spencer,M
662168,Prof.,Marlon,E,Whitaker,M
678244,Mrs.,Trudy,Z,Frazier,F
864339,Mrs.,Tania,G,May,F
436424,Mr.,Leonel,G,Guerrero,M
606834,Drs.,Nadia,Z,Stokes,F
268942,Mr.,Cody,C,Dillard,M
484822,Ms.,Megan,T,Fry,F
397241,Ms.,Darla,S,Durham,F
924252,Hon.,Cecile,I,Ross,F
717079,Hon.,Helene,K,Franco,F
494794,Mr.,Vernon,C,Buchanan,M
970841,Hon.,Marva,C,Santiago,F
281794,Mrs.,Yvette,X,Bentley,F
520539,Hon.,Derick,R,Daugherty,M
567269,Ms.,Fay,O,Villarreal,F
749292,Ms.,Deanna,E,Wilkins,F
292144,Drs.,Augusta,P,Andrews,F
896825,Ms.,Erna,A,Tran,F
216408,Mr.,Luther,H,Short,M
579003,Prof.,Curtis,S,Williamson,M
249410,Ms.,Yvette,C,Rivers,F
241389,Mr.,Walter,G,Velez,M
311405,Ms.,Christa,P,Wilkins,F
796832,Mr.,Milton,Z,Neal,M
976347,Ms.,Kimberly,T,Harmon,F
363748,Mr.,Lemuel,E,Houston,M
368157,Hon.,Marcie,N,Weiss,F
466203,Mr.,Bart,I,Whitaker,M
893798,Ms.,Patrice,N,Koch,F
501368,Mr.,Xavier,O,Mcintosh,M
507594,Ms.,Lidia,K,Rojas,F
390989,Drs.,Essie,C,Bridges,F
312364,Mrs.,Sondra,N,Stephens,F
444670,Mr.,Monte,A,Contreras,M
969572,Mr.,Ernesto,U,Moreno,M
129405,Prof.,Ismael,S,Ellis,M
612960,Mr.,Elijah,K,Hopkins,M
328690,Mrs.,Leigh,K,Mccall,F
960091,Mr.,Genaro,W,Stafford,M
563448,Drs.,Lucy,F,Hinton,F
982922,Ms.,Bernadette,H,Glass,F
646972,Mr.,Lee,F,Peck,M
387407,Prof.,Damian,Q,Ellison,M
468347,Mr.,Dusty,R,Hendricks,M
707678,Hon.,Katina,S,Wynn,F
709899,Prof.,Clair,J,Morris,M
931481,Prof.,Ernesto,U,Short,M
415337,Drs.,Frankie,J,Wiggins,F
795746,Mrs.,Angelique,G,Guy,F
880808,Mr.,Marcelino,I,Tanner,M
224527,Prof.,Tony,S,Weiss,M
674436,Dr.,Lenard,R,Cardenas,M
492623,Mrs.,Aurora,S,Gray,F
589874,Ms.,Manuela,F,Koch,F
476018,Ms.,Jean,K,Mclean,F
228339,Drs.,Barbra,N,Sutton,F
239118,Mrs.,Deann,G,Mccormick,F
125780,Ms.,Reba,L,Browning,F
431018,Mr.,Rickie,J,Alston,M
452967,Dr.,Lyman,D,Reeves,M
407464,Mr.,Deon,J,Quinn,M
871827,Mr.,Israel,K,Mccarthy,M
884068,Dr.,Moises,V,Berger,M
131361,Ms.,Jerri,W,Douglas,F
259652,Mr.,Bradley,D,Nieves,M
430932,Hon.,Romeo,O,Foster,M
637522,Hon.,Leopoldo,B,Mcgee,M
467568,Prof.,Andrea,F,Crawford,M
683539,Mr.,Charley,Z,Daniel,M
417301,Ms.,Carolyn,Q,Butler,F
682104,Mrs.,Gracie,M,Stanley,F
544977,Mr.,Jerrold,L,Sweet,M
928962,Mr.,Joshua,G,Small,M
248088,Mrs.,Kristy,D,Jordan,F
599683,Mr.,Spencer,Z,Williams,M
117980,Ms.,Ashley,A,Ochoa,F
899405,Mr.,Rocco,P,Wall,M
935067,Mr.,Sonny,G,Carey,M
521604,Hon.,Erich,T,Goodman,M
848091,Prof.,Mack,Q,Massey,M
999219,Ms.,Vicky,Z,Burgess,F
209627,Mrs.,Willa,Q,Hensley,F
642586,Hon.,Reva,H,Morales,F
651163,Ms.,Ina,H,Cummings,F
425289,Mrs.,Kristi,M,Monroe,F
314444,Mr.,Danial,V,Carpenter,M
956821,Ms.,Benita,L,Duncan,F
711278,Mr.,Dwayne,R,Kim,M
125371,Ms.,Lorrie,D,Rocha,F
906259,Drs.,Juliana,V,Hines,F
327429,Prof.,Mac,Z,Mcleod,M
272413,Mr.,Bryce,V,Bonner,M
645306,Mr.,Guadalupe,U,Holcomb,M
180869,Mr.,Jacob,S,Cherry,M
222563,Mrs.,Jeanette,E,Rivera,F
541221,Mr.,Jefferson,B,Holt,M
198476,Mr.,Dillon,R,Dunn,M
664807,Hon.,Bertie,Q,Slater,F
673745,Ms.,Hannah,Z,Cooper,F
812026,Mr.,Jon,A,Mcneil,M
957459,Drs.,Caitlin,U,Mann,F
118109,Hon.,Doris,H,Giles,F
900863,Mrs.,Barbra,A,Hobbs,F
147382,Mr.,Hung,E,Witt,M
456816,Ms.,Adele,Y,Scott,F
437096,Ms.,Stella,H,Guy,F
159397,Mr.,Clement,B,Lancaster,M
169739,Ms.,Rosetta,J,Decker,F
995863,Mr.,Caleb,Q,Poole,M
779374,Prof.,Dudley,V,Elliott,M
587639,Ms.,Barbara,W,Palmer,F
964222,Mrs.,Alana,S,Henderson,F
597006,Ms.,Hazel,L,Case,F
688836,Mr.,Erich,Z,Lyons,M
498361,Mrs.,Elise,A,Zimmerman,F
759183,Prof.,Mauro,W,Fernandez,M
186298,Mrs.,Luisa,Q,Mcintyre,F
776211,Mr.,Duane,R,Lowery,M
337146,Mr.,Weldon,C,Hyde,M
273427,Hon.,Ilene,F,Head,F
329548,Mr.,Phil,B,Montgomery,M
955183,Mr.,Jonas,L,Underwood,M
862947,Mrs.,Benita,H,Mcgee,F
174542,Ms.,Rochelle,R,Guerrero,F
857324,Drs.,Terra,Z,Webb,F
678498,Mr.,Buford,Y,Zimmerman,M
661971,Mr.,Emanuel,X,Nichols,M
537235,Ms.,Cheryl,M,French,F
712170,Mr.,Theodore,T,Dale,M
285184,Mrs.,Ginger,H,Palmer,F
994907,Hon.,Lilian,L,Stein,F
523887,Mr.,Gilbert,L,Luna,M
684722,Mr.,Waldo,B,Wright,M
792224,Mr.,Tommie,Y,Cunningham,M
199699,Prof.,George,W,Potts,M
953997,Mr.,Graham,F,Hutchinson,M
149818,Mrs.,Ophelia,Z,Pena,F
352882,Dr.,Lon,P,Harper,M
760995,Mr.,Irvin,V,Witt,M
873626,Mrs.,Sheri,A,Spears,F
247051,Ms.,Alberta,A,Page,F
715045,Drs.,Kerri,Q,Santos,F
601808,Mr.,Olin,N,Case,M
569286,Mr.,Stefan,L,Jacobs,M
172440,Dr.,Cody,H,Allison,M
568435,Ms.,Bonnie,K,Baker,F
597409,Mr.,Luke,S,Turner,M
359608,Hon.,Eva,S,Holman,F
803426,Mrs.,Maritza,H,Christian,F
669618,Drs.,Phyllis,H,Dudley,F
